Account Type,Account Number,first_name,last_name,company_name,address,city,phone1,phone2,Balance
Saving,15592389,Paola,Vielma,Congress Title,58 Hancock St,Aurora,9054561117,9052637711,129000
Checking,15767821,Hortencia,Bresser,Batavia Chamber Of Commerce,808 Calle De Industrias,New Waterford,9022566791,9023708282,230013
Saving,15737173,Leanna,Tijerina,Stephenson Land Surveying,2859 Dorsett Rd,North York,4167192114,4166581773,367900
Saving,15632264,Danilo,Pride,Harry L Adams Incorporated,6857 Wall St,Red Deer,4032124945,4038889985,108000
Checking,15691483,Huey,Marcille,Southern Idaho Pipe & Stl Corp,169 Journal Sq,Edmonton,7806393619,7805201241,64800
Saving,15600882,Apolonia,Warne,Kitchen People,3 E 31st St #77,Fredericton,5069781488,5062211874,141000
Saving,15643966,Chandra,Lagos,Meredith Realty Group Inc,7 N Dean St,Etobicoke,4167166446,4168221760,61750
Checking,15737452,Crissy,Pacholec,Cgi Systems Inc,85 S State St,Barrie,7054772307,7055236746,67920
Saving,15788218,Gianna,Branin,All Brevard Cert Apprsls Inc,100 Main St,Calgary,4033377162,4035405944,78100
Saving,15661507,Valentin,Billa,General Color Co Inc,6185 Bohn St #72,Pangman,3062915073,3063167477,35650
Checking,15634602,Francoise,Rautenstrauch,Riebesell H F Jr,2335 Canton Hwy #6,Windsor,5195698399,5199786179,133900
Checking,15647311,Kendra,Loud,Deloitte & Touche,6 Arch St #9757,Alcida,5063631526,5069324472,18000
Saving,15619304,Lourdes,Bauswell,Oklahoma Neon Inc,9547 Belmont Rd #21,Belleville,6139037043,6136386682,5000
Checking,15701354,Hannah,Edmison,M B A Paint Stores,73 Pittsford Victor Rd,Vancouver,6043343686,6046927694,195800
Saving,15737888,Tom,Loeza,Sheraton Shreveport Hotel,447 Commercial St Se,LIle-Perrot,5144876096,5147274760,81600
Checking,15574012,Queenie,Kramarczyk,Goeman Wood Products Inc,47 Garfield Ave,Swift Current,3064215793,3063027591,41800
Checking,15592531,Hui,Portaro,A Storage Inn Of Gloucester,3 Mill Rd,Baker Brook,5068277755,5062764830,98500
Saving,15656148,Josefa,Opitz,Norman Gale Isuzu,136 W Grand Ave #3,Delhi,5197887645,5195263721,143800
Checking,15792365,Lea,Steinhaus,James Christopher Esq,80 Maplewood Dr #34,Bradford,9056188258,9056513298,331650
