Account Type,Account Number,First Name,Last Name,Company Name,Address,City,Phone1,Phone2,Balance,
Checking,15767821,Hortencia,Bresser,Batavia Chamber Of Commerce,808 Calle De Industrias,New Waterford,2147483647,2147483647,230013
Checking,15691483,Huey,Marcille,Southern Idaho Pipe & Stl Corp,169 Journal Sq,Edmonton,2147483647,2147483647,64800
Checking,15737452,Crissy,Pacholec,Cgi Systems Inc,85 S State St,Barrie,2147483647,2147483647,67920
Checking,15634602,Francoise,Rautenstrauch,Riebesell H F Jr,2335 Canton Hwy #6,Windsor,2147483647,2147483647,133900
Checking,15647311,Kendra,Loud,Deloitte & Touche,6 Arch St #9757,Alcida,2147483647,2147483647,26567
Checking,15701354,Hannah,Edmison,M B A Paint Stores,73 Pittsford Victor Rd,Vancouver,2147483647,2147483647,195800
Checking,15574012,Queenie,Kramarczyk,Goeman Wood Products Inc,47 Garfield Ave,Swift Current,2147483647,2147483647,41800
Checking,15592531,Hui,Portaro,A Storage Inn Of Gloucester,3 Mill Rd,Baker Brook,2147483647,2147483647,98500
Checking,15792365,Lea,Steinhaus,James Christopher Esq,80 Maplewood Dr #34,Bradford,2147483647,2147483647,1650
